City_ID,City,Lat,Lng,Max Temp,Humidity,Cloudiness,Wind Speed,Country,Date
0,New Norfolk,-42.78,147.06,44.01,91,100,1.99,AU,2020-08-22 20:07:09
1,San Patricio,19.22,-104.7,89.6,75,75,11.41,MX,2020-08-22 20:07:09
2,Lebu,-37.62,-73.65,53.49,75,0,11.25,CL,2020-08-22 20:07:09
3,Sitka,57.05,-135.33,57.2,87,75,4.7,US,2020-08-22 20:07:10
4,Albany,42.6,-73.97,84.99,41,0,8.59,US,2020-08-22 20:05:37
5,Mahebourg,-20.41,57.7,69.8,83,40,11.41,MU,2020-08-22 20:07:10
6,Nanortalik,60.14,-45.24,48.0,69,12,3.11,GL,2020-08-22 20:07:10
7,Narsaq,60.92,-46.05,55.4,58,20,10.29,GL,2020-08-22 20:07:11
8,Honiara,-9.43,159.95,73.4,100,90,3.36,SB,2020-08-22 20:07:11
9,Georgetown,5.41,100.34,80.6,88,40,1.19,MY,2020-08-22 20:04:51
10,Kiunga,-6.12,141.29,71.17,98,69,1.23,PG,2020-08-22 20:07:11
11,Hermanus,-34.42,19.23,57.99,85,0,1.99,ZA,2020-08-22 20:07:12
12,Umm Kaddadah,13.6,26.69,88.16,48,20,16.35,SD,2020-08-22 20:07:12
13,Muravlenko,63.79,74.52,47.89,97,70,8.37,RU,2020-08-22 20:07:12
14,Hobart,-42.88,147.33,46.4,81,75,19.46,AU,2020-08-22 20:07:12
15,Gvarv,59.39,9.17,59.0,79,0,1.99,NO,2020-08-22 20:07:13
16,Port Hardy,50.7,-127.42,57.2,93,90,6.93,CA,2020-08-22 20:02:51
17,Atuona,-9.8,-139.03,78.33,78,26,18.39,PF,2020-08-22 20:07:13
18,Busselton,-33.65,115.33,50.0,85,69,11.21,AU,2020-08-22 20:07:13
19,Xuddur,4.12,43.89,75.2,62,100,18.5,SO,2020-08-22 20:07:13
20,Cape Town,-33.93,18.42,55.99,93,1,2.24,ZA,2020-08-22 20:07:14
21,Iqaluit,63.75,-68.51,48.2,70,20,8.05,CA,2020-08-22 20:05:09
22,Chuy,-33.7,-53.46,55.4,57,0,5.37,UY,2020-08-22 20:07:14
23,Barrow,71.29,-156.79,41.0,93,90,23.04,US,2020-08-22 20:07:14
24,Iquique,-20.22,-70.14,62.6,67,90,10.29,CL,2020-08-22 20:02:21
25,Ushuaia,-54.8,-68.3,44.6,83,40,17.22,AR,2020-08-22 20:06:48
26,Jamestown,42.1,-79.24,84.0,47,75,8.05,US,2020-08-22 20:05:13
27,Ponta Do Sol,32.67,-17.1,75.2,69,40,16.11,PT,2020-08-22 20:07:15
28,Kismayo,-0.36,42.55,76.82,81,35,18.07,SO,2020-08-22 20:07:15
29,Kodiak,57.79,-152.41,66.2,59,20,3.36,US,2020-08-22 20:07:15
30,Champerico,14.3,-91.92,80.6,88,75,9.17,GT,2020-08-22 20:07:16
31,Aras,42.56,-2.36,73.4,60,100,2.24,ES,2020-08-22 20:07:16
32,Nikolskoye,59.7,30.79,64.4,68,20,6.71,RU,2020-08-22 20:07:16
33,Provideniya,64.38,-173.3,49.87,90,100,5.57,RU,2020-08-22 20:07:16
34,Omboue,-1.57,9.26,74.39,80,92,7.63,GA,2020-08-22 20:07:16
35,Port Blair,11.67,92.75,82.27,78,100,11.63,IN,2020-08-22 20:07:17
36,Pangnirtung,66.15,-65.71,50.0,76,20,9.17,CA,2020-08-22 20:07:17
37,Codrington,-38.27,141.97,46.53,82,32,16.06,AU,2020-08-22 20:07:17
38,Dikson,73.51,80.55,47.84,75,93,8.72,RU,2020-08-22 20:07:17
39,Mar Del Plata,-38.0,-57.56,60.8,31,0,16.11,AR,2020-08-22 20:06:40
40,Tipperary,52.47,-8.16,57.99,92,100,5.99,IE,2020-08-22 20:07:18
41,Wattegama,6.8,81.48,77.2,79,71,6.13,LK,2020-08-22 20:07:18
42,Vaini,-21.2,-175.2,75.2,94,20,6.93,TO,2020-08-22 20:07:19
43,Turan,16.07,108.22,78.8,94,40,10.96,VN,2020-08-22 20:07:19
44,Kimbe,-5.55,150.14,74.57,89,5,4.34,PG,2020-08-22 20:07:19
45,Avarua,-21.21,-159.78,75.2,73,64,6.93,CK,2020-08-22 20:07:18
46,Fortuna,40.6,-124.16,66.2,77,20,11.41,US,2020-08-22 20:07:19
47,Makakilo City,21.35,-158.09,84.2,54,1,10.29,US,2020-08-22 20:04:22
48,Mount Pleasant,32.79,-79.86,84.2,74,40,4.76,US,2020-08-22 20:05:54
49,Mataura,-46.19,168.86,39.99,98,96,1.01,NZ,2020-08-22 20:07:20
50,Beringovskiy,63.05,179.32,53.01,87,72,8.93,RU,2020-08-22 20:07:20
51,Broome,42.25,-75.83,86.0,42,20,3.36,US,2020-08-22 20:07:20
52,Fort Nelson,58.81,-122.7,62.6,77,75,11.41,CA,2020-08-22 20:07:21
53,Rikitea,-23.12,-134.97,66.92,71,68,18.43,PF,2020-08-22 20:07:21
54,Kapaa,22.08,-159.32,84.2,66,1,14.99,US,2020-08-22 20:05:42
55,Beitbridge,-22.22,30.0,60.12,65,0,8.25,ZW,2020-08-22 20:07:21
56,Punta Arenas,-53.15,-70.92,46.4,65,40,23.04,CL,2020-08-22 20:05:34
57,Balkanabat,39.51,54.37,78.75,51,63,5.77,TM,2020-08-22 20:07:22
58,Bilma,18.69,12.92,96.13,30,57,5.5,NE,2020-08-22 20:07:21
59,Yar-Sale,66.83,70.83,49.6,93,0,10.58,RU,2020-08-22 20:07:22
60,Bluff,-46.6,168.33,39.99,98,97,1.01,NZ,2020-08-22 20:07:22
61,Nelson Bay,-32.72,152.15,50.0,66,93,21.92,AU,2020-08-22 20:07:23
62,Severo-Kurilsk,50.68,156.12,50.13,88,37,12.35,RU,2020-08-22 20:07:23
63,Upernavik,72.79,-56.15,44.46,70,82,10.98,GL,2020-08-22 20:07:23
64,Gimli,50.63,-96.99,71.01,99,98,5.99,CA,2020-08-22 20:05:07
65,Hilo,19.73,-155.09,82.4,69,20,5.82,US,2020-08-22 20:02:59
66,Bhopal,23.27,77.4,73.24,95,100,16.93,IN,2020-08-22 20:07:24
67,Killybegs,54.63,-8.45,60.8,93,90,9.17,IE,2020-08-22 20:07:24
68,Athabasca,54.72,-113.29,58.73,87,100,11.77,CA,2020-08-22 20:07:24
69,Cabo San Lucas,22.89,-109.91,91.4,58,5,8.05,MX,2020-08-22 20:07:23
70,Praya,14.92,-23.51,82.4,74,20,6.93,CV,2020-08-22 20:07:25
71,Ostend,51.22,2.91,63.0,72,20,18.34,BE,2020-08-22 20:07:25
72,East London,-33.02,27.91,66.85,39,0,4.88,ZA,2020-08-22 20:07:18
73,Dingle,11.0,122.67,77.04,88,100,1.7,PH,2020-08-22 20:07:26
74,Kagalnitskaya,46.88,40.15,68.4,47,94,12.35,RU,2020-08-22 20:07:26
75,Havelock,34.88,-76.9,89.6,52,20,12.75,US,2020-08-22 20:06:39
76,Hualmay,-11.1,-77.61,65.71,68,14,9.71,PE,2020-08-22 20:07:26
77,Sierra Vista,31.55,-110.3,91.0,35,20,5.82,US,2020-08-22 20:04:24
78,Sarai,53.75,41.02,57.25,76,0,4.94,RU,2020-08-22 20:07:27
79,Marabba,12.35,32.18,80.74,73,100,5.57,SD,2020-08-22 20:07:27
80,Quatre Cocos,-20.21,57.76,69.8,83,40,11.41,MU,2020-08-22 20:07:27
81,Grakhovo,56.05,51.97,55.4,82,40,4.47,RU,2020-08-22 20:07:29
82,Ghansor,22.65,79.95,71.67,94,66,7.09,IN,2020-08-22 20:07:29
83,Zhangjiakou,40.81,114.88,64.54,78,97,2.82,CN,2020-08-22 20:07:29
84,Praia Da Vitoria,38.73,-27.07,75.2,73,20,5.48,PT,2020-08-22 20:07:30
85,Kruisfontein,-34.0,24.73,53.01,77,0,1.01,ZA,2020-08-22 20:07:30
86,Yellowknife,62.46,-114.35,57.99,71,75,16.11,CA,2020-08-22 20:07:23
87,Coquimbo,-29.95,-71.34,51.8,81,90,8.05,CL,2020-08-22 20:05:20
88,Gizo,-8.1,156.84,82.18,81,59,18.01,SB,2020-08-22 20:07:30
89,Kalmar,56.66,16.36,69.01,64,49,11.41,SE,2020-08-22 20:07:31
90,Castro,-24.79,-50.01,50.54,74,82,8.23,BR,2020-08-22 20:07:31
91,Kieta,-6.22,155.63,79.25,75,100,4.32,PG,2020-08-22 20:07:31
92,Springfield,37.22,-93.3,91.4,29,40,10.29,US,2020-08-22 20:05:39
93,Beloha,-25.17,45.05,62.19,79,0,10.89,MG,2020-08-22 20:07:32
94,Torbay,47.67,-52.73,71.01,52,40,8.05,CA,2020-08-22 20:05:13
95,Mnogovershinnyy,53.94,139.92,45.46,93,91,1.59,RU,2020-08-22 20:07:33
96,Tiksi,71.69,128.87,40.06,91,100,5.14,RU,2020-08-22 20:07:33
97,Aurillac,44.92,2.45,66.99,68,90,3.36,FR,2020-08-22 20:03:01
98,Barstow,34.9,-117.02,100.4,19,1,4.7,US,2020-08-22 20:07:33
99,The Valley,18.22,-63.06,100.4,78,20,17.22,AI,2020-08-22 20:07:34
100,Stromness,58.97,-3.3,55.4,93,66,6.93,GB,2020-08-22 20:07:34
101,Honningsvag,70.98,25.97,58.15,80,1,17.9,NO,2020-08-22 20:07:34
102,Chokurdakh,70.63,147.92,32.88,96,99,5.88,RU,2020-08-22 20:07:34
103,Geraldton,-28.77,114.6,57.2,93,90,5.82,AU,2020-08-22 20:07:35
104,Vao,-22.67,167.48,72.34,86,23,11.54,NC,2020-08-22 20:07:35
105,Easthampton,42.27,-72.67,89.01,40,75,11.41,US,2020-08-22 20:07:35
106,Carnarvon,-24.87,113.63,66.2,68,99,9.17,AU,2020-08-22 20:07:35
107,Tabasco,18.0,-92.67,89.6,70,75,5.64,MX,2020-08-22 20:07:35
108,Harper,4.38,-7.72,75.9,87,39,11.25,LR,2020-08-22 20:07:31
109,Bredasdorp,-34.53,20.04,57.2,82,0,12.75,ZA,2020-08-22 20:07:36
110,Nova Olimpia,-14.8,-57.29,79.86,32,0,8.25,BR,2020-08-22 20:07:36
111,Bambous Virieux,-20.34,57.76,69.8,83,40,11.41,MU,2020-08-22 20:07:36
112,Berlin,52.52,13.41,73.0,88,0,2.24,DE,2020-08-22 20:03:37
113,Olafsvik,64.89,-23.71,51.91,66,23,8.03,IS,2020-08-22 20:07:37
114,Papar,5.73,115.93,75.2,100,20,3.36,MY,2020-08-22 20:07:37
115,Souillac,-20.52,57.52,69.8,83,40,11.41,MU,2020-08-22 20:07:37
116,Saskylakh,71.92,114.08,35.17,86,5,4.7,RU,2020-08-22 20:07:22
117,Vigrestad,58.57,5.7,55.0,99,92,7.0,NO,2020-08-22 20:04:08
118,Salalah,17.02,54.09,77.0,100,90,4.7,OM,2020-08-22 20:07:38
119,Cherskiy,68.75,161.3,37.85,94,100,20.45,RU,2020-08-22 20:07:19
120,Princeton,25.54,-80.41,91.4,66,75,14.99,US,2020-08-22 20:07:38
121,Kutum,14.2,24.67,75.63,69,98,2.95,SD,2020-08-22 20:07:38
122,Vallenar,-28.57,-70.76,73.18,21,0,12.59,CL,2020-08-22 20:07:39
123,Klaksvik,62.23,-6.59,46.4,87,99,24.16,FO,2020-08-22 20:07:39
124,Port Elizabeth,-33.92,25.57,59.0,72,0,4.7,ZA,2020-08-22 20:07:39
125,Tasiilaq,65.61,-37.64,50.0,53,20,12.75,GL,2020-08-22 20:07:39
126,Tailai,46.38,123.4,60.93,70,100,8.34,CN,2020-08-22 20:07:40
127,Lashio,22.93,97.75,69.4,99,100,0.63,MM,2020-08-22 20:07:40
128,Richards Bay,-28.78,32.04,65.62,69,0,13.0,ZA,2020-08-22 20:07:40
129,Khatanga,71.97,102.5,48.27,76,0,7.25,RU,2020-08-22 20:07:40
130,Pevek,69.7,170.31,38.23,98,100,5.39,RU,2020-08-22 20:07:41
131,Severo-Yeniseyskiy,60.37,93.04,49.62,98,100,3.2,RU,2020-08-22 20:07:41
132,Muros,42.78,-9.06,66.99,80,0,1.99,ES,2020-08-22 20:07:41
133,Qiongshan,20.01,110.35,77.0,94,7,2.24,CN,2020-08-22 20:07:41
134,Mae Sai,20.43,99.88,75.2,100,40,2.24,TH,2020-08-22 20:07:41
135,Ayan,56.45,138.17,55.89,59,46,11.1,RU,2020-08-22 20:07:42
136,Hasaki,35.73,140.83,77.0,94,75,5.82,JP,2020-08-22 20:07:42
137,Fairbanks,64.84,-147.72,71.01,59,40,5.82,US,2020-08-22 20:07:42
138,Manavalakurichi,8.13,77.3,82.4,88,20,3.36,IN,2020-08-22 20:07:42
139,Karratha,-20.74,116.85,68.52,44,0,6.85,AU,2020-08-22 20:07:42
140,Bonavista,48.65,-53.11,64.99,77,0,3.0,CA,2020-08-22 20:07:43
141,Hofn,64.25,-15.21,50.86,67,79,4.72,IS,2020-08-22 20:07:43
142,Mehamn,71.04,27.85,60.85,76,64,15.64,NO,2020-08-22 20:07:43
143,Sao Joao Da Barra,-21.64,-41.05,64.4,93,90,11.41,BR,2020-08-22 20:07:44
144,Devils Lake,48.11,-98.87,78.8,57,1,8.05,US,2020-08-22 20:04:52
145,Kununurra,-15.77,128.73,66.2,24,0,7.92,AU,2020-08-22 20:07:44
146,Hithadhoo,-0.6,73.08,82.85,81,17,14.63,MV,2020-08-22 20:04:35
147,Cidreira,-30.18,-50.21,56.14,63,0,6.15,BR,2020-08-22 20:07:44
148,Puerto Ayora,-0.74,-90.35,75.2,60,84,17.22,EC,2020-08-22 20:07:45
149,Palana,59.12,159.97,45.97,86,99,8.52,RU,2020-08-22 20:07:45
150,Jardim,-21.48,-56.14,64.65,61,80,3.02,BR,2020-08-22 20:07:45
151,Tuatapere,-46.13,167.68,39.99,98,100,1.01,NZ,2020-08-22 20:07:45
152,Swan Hill,-35.34,143.55,39.18,95,0,11.36,AU,2020-08-22 20:07:46
153,Port Alfred,-33.59,26.89,61.61,62,0,7.45,ZA,2020-08-22 20:07:46
154,Brae,60.4,-1.35,55.4,93,99,6.93,GB,2020-08-22 20:07:46
155,Dyersburg,36.03,-89.39,84.0,65,75,3.36,US,2020-08-22 20:07:46
156,Hohhot,40.81,111.65,64.4,100,75,4.47,CN,2020-08-22 20:07:47
157,Megion,61.03,76.11,46.4,100,90,2.24,RU,2020-08-22 20:07:47
158,Bulgan,48.81,103.53,53.06,68,44,2.86,MN,2020-08-22 20:07:47
159,Saint George,37.1,-113.58,100.99,30,1,4.7,US,2020-08-22 20:06:18
160,Redencao,-4.23,-38.73,82.4,65,2,14.99,BR,2020-08-22 20:07:48
161,Nemuro,43.32,145.57,60.3,85,0,7.76,JP,2020-08-22 20:07:48
162,Ketchikan,55.34,-131.65,57.2,93,90,11.41,US,2020-08-22 20:07:48
163,Taos,36.41,-105.57,86.0,17,1,8.05,US,2020-08-22 20:07:48
164,La Ronge,55.1,-105.28,60.8,82,90,12.75,CA,2020-08-22 20:07:49
165,Russell,32.35,-85.2,87.8,58,40,5.82,US,2020-08-22 20:07:49
166,Namibe,-15.2,12.15,63.88,86,4,5.26,AO,2020-08-22 20:07:49
167,Butaritari,3.07,172.79,82.78,63,100,5.73,KI,2020-08-22 20:07:49
168,Mtambile,-5.38,39.7,76.32,77,61,16.4,TZ,2020-08-22 20:07:50
169,Port-Gentil,-0.72,8.78,77.0,78,75,15.26,GA,2020-08-22 20:03:30
170,Longyearbyen,78.22,15.64,42.8,70,40,8.05,SJ,2020-08-22 20:07:50
171,Saint-Philippe,-21.36,55.77,64.4,68,33,8.05,RE,2020-08-22 20:07:51
172,Taunggyi,20.78,97.03,64.06,100,100,2.73,MM,2020-08-22 20:04:58
173,Santa Maria,-29.68,-53.81,62.6,45,0,12.75,BR,2020-08-22 20:07:51
174,Gushikawa,26.35,127.87,78.8,94,40,11.43,JP,2020-08-22 20:07:51
175,Erzin,36.96,36.2,84.99,33,0,11.99,TR,2020-08-22 20:07:51
176,Sertania,-8.07,-37.26,84.31,32,91,13.85,BR,2020-08-22 20:07:52
177,Lavrentiya,65.58,-171.0,46.11,95,100,7.16,RU,2020-08-22 20:07:52
178,Nome,64.5,-165.41,54.0,93,90,6.93,US,2020-08-22 20:07:52
179,Tuktoyaktuk,69.45,-133.04,53.6,81,20,11.41,CA,2020-08-22 20:07:52
180,Puerto Del Rosario,28.5,-13.86,80.6,69,0,12.75,ES,2020-08-22 20:07:53
181,Sisimiut,66.94,-53.67,51.51,68,86,8.79,GL,2020-08-22 20:07:39
182,Maniitsoq,65.42,-52.9,49.71,80,45,11.36,GL,2020-08-22 20:07:53
183,Chibombo,-14.66,28.07,59.79,62,0,7.45,ZM,2020-08-22 20:07:53
184,Rock Sound,24.9,-76.2,83.86,78,4,19.04,BS,2020-08-22 20:07:53
185,Verkhnevilyuysk,63.45,120.32,37.78,80,0,2.86,RU,2020-08-22 20:07:54
186,Camana,-16.62,-72.71,63.45,71,35,6.98,PE,2020-08-22 20:07:54
187,Tianpeng,30.99,103.94,75.0,99,100,1.59,CN,2020-08-22 20:07:54
188,Akhtanizovskaya,45.32,37.1,69.8,77,20,4.47,RU,2020-08-22 20:07:54
189,La Reforma,25.08,-108.05,100.0,61,0,5.99,MX,2020-08-22 20:07:55
190,Port Lincoln,-34.73,135.87,48.9,74,65,11.95,AU,2020-08-22 20:07:27
191,Orotukan,62.27,151.7,33.64,92,100,7.34,RU,2020-08-22 20:07:55
192,Guerrero Negro,27.98,-114.06,90.59,38,0,11.45,MX,2020-08-22 20:07:37
193,Luau,-10.71,22.22,72.3,27,16,5.39,AO,2020-08-22 20:07:56
194,Olinda,-8.01,-34.86,75.2,88,75,11.41,BR,2020-08-22 20:07:56
195,Sassandra,4.95,-6.08,74.97,90,52,8.3,CI,2020-08-22 20:07:56
196,Gorin,51.2,136.67,57.6,95,57,2.04,RU,2020-08-22 20:07:57
197,Saldanha,-33.01,17.94,55.4,82,0,4.7,ZA,2020-08-22 20:07:25
198,Aykino,62.22,49.99,55.67,95,0,3.87,RU,2020-08-22 20:07:57
199,Port Macquarie,-31.43,152.92,52.0,48,0,13.2,AU,2020-08-22 20:07:57
200,Tabas,33.6,56.92,98.6,19,0,2.24,IR,2020-08-22 20:07:57
201,Kaitangata,-46.28,169.85,50.0,82,64,8.01,NZ,2020-08-22 20:07:58
202,Kavaratti,10.57,72.64,82.51,77,60,10.96,IN,2020-08-22 20:07:58
203,Tabou,4.42,-7.35,75.74,89,60,10.92,CI,2020-08-22 20:07:58
204,Airai,-8.93,125.41,57.61,45,68,3.69,TL,2020-08-22 20:07:58
205,Point Pedro,9.82,80.23,81.16,81,41,15.23,LK,2020-08-22 20:07:59
206,Bonthe,7.53,-12.51,75.74,93,100,6.53,SL,2020-08-22 20:07:59
207,Komsomolskiy,40.43,71.72,73.4,43,0,6.93,UZ,2020-08-22 20:07:59
208,Humberto De Campos,-2.6,-43.46,83.34,71,7,5.21,BR,2020-08-22 20:07:59
209,Kemin,42.78,75.69,64.4,35,0,3.6,KG,2020-08-22 20:07:59
210,Palencia,42.42,-4.5,72.0,43,91,14.85,ES,2020-08-22 20:08:00
211,Mahon,39.89,4.27,77.0,83,20,8.05,ES,2020-08-22 20:08:00
212,Wairoa,-39.03,177.37,50.0,88,75,1.01,NZ,2020-08-22 20:08:00
213,Uddevalla,58.35,11.94,62.01,87,39,10.29,SE,2020-08-22 20:03:14
214,Atar,20.52,-13.05,105.8,11,96,6.44,MR,2020-08-22 20:08:01
215,Kyabe,9.45,18.94,72.09,95,100,3.42,TD,2020-08-22 20:08:01
216,Kargasok,59.06,80.86,51.84,96,75,6.4,RU,2020-08-22 20:08:01
217,Quelimane,-17.88,36.89,71.6,73,20,3.36,MZ,2020-08-22 20:08:02
218,Jutai,-5.18,-68.9,83.44,40,14,3.49,BR,2020-08-22 20:08:00
219,Chokwe,-24.53,32.98,61.16,84,0,5.61,MZ,2020-08-22 20:08:02
220,Constitucion,-35.33,-72.42,57.94,76,0,12.75,CL,2020-08-22 20:08:02
221,Alberton,46.82,-64.07,69.13,45,0,3.65,CA,2020-08-22 20:08:03
222,Pimentel,-6.84,-79.93,69.8,64,17,14.99,PE,2020-08-22 20:08:03
223,Ahipara,-35.17,173.17,55.35,90,18,7.2,NZ,2020-08-22 20:08:03
224,Lorengau,-2.02,147.27,80.2,78,61,1.61,PG,2020-08-22 20:08:03
225,Turbat,26.0,63.04,87.19,63,19,7.63,PK,2020-08-22 20:08:03
226,Luqiao,28.58,121.38,80.01,61,0,4.03,CN,2020-08-22 20:08:04
227,Northam,51.03,-4.22,61.0,87,21,18.01,GB,2020-08-22 20:08:02
228,Flinders,-34.58,150.86,48.99,57,6,11.01,AU,2020-08-22 20:07:28
229,Biak,-0.91,122.88,76.19,83,95,7.65,ID,2020-08-22 20:08:04
230,Malanje,-9.54,16.34,75.6,45,97,7.05,AO,2020-08-22 20:08:04
231,Kalianget,-7.05,113.93,79.79,83,19,11.72,ID,2020-08-22 20:08:04
232,Kitob,39.08,66.83,75.13,20,0,4.45,UZ,2020-08-22 20:08:05
233,Cabra,37.47,-4.44,87.01,34,0,2.48,ES,2020-08-22 20:08:05
234,Manggar,-2.88,108.27,80.87,83,89,10.54,ID,2020-08-22 20:07:47
235,Avera,33.19,-82.53,82.4,78,40,9.17,US,2020-08-22 20:08:05
236,Saint-Georges,12.06,-61.75,87.8,79,20,16.11,GD,2020-08-22 20:08:06
237,Kavieng,-2.57,150.8,81.59,72,1,1.66,PG,2020-08-22 20:07:19
238,Sao Jose Da Coroa Grande,-8.9,-35.15,76.06,82,24,8.1,BR,2020-08-22 20:08:06
239,Ermelo,-26.53,29.98,42.93,55,0,2.37,ZA,2020-08-22 20:08:06
240,Morant Bay,17.88,-76.41,90.0,66,40,9.17,JM,2020-08-22 20:08:06
241,Shupiyan,33.72,74.83,59.67,71,0,3.94,IN,2020-08-22 20:08:07
242,Ulladulla,-35.35,150.47,48.2,54,21,16.11,AU,2020-08-22 20:08:07
243,Sagua La Grande,22.81,-80.08,93.2,49,75,11.41,CU,2020-08-22 20:08:07
244,Moisei,47.66,24.54,63.36,80,0,2.48,RO,2020-08-22 20:08:07
245,San Quintin,30.48,-115.95,79.81,66,0,11.86,MX,2020-08-22 20:08:08
246,San Cristobal,7.77,-72.22,93.2,36,40,20.8,VE,2020-08-22 20:08:08
247,Mandali,33.75,45.55,88.3,18,0,7.7,IQ,2020-08-22 20:08:08
248,Teguise,29.06,-13.56,77.0,78,20,27.51,ES,2020-08-22 20:08:08
249,Mumford,5.26,-0.76,74.7,90,0,10.38,GH,2020-08-22 20:08:08
250,Laurinburg,34.77,-79.46,84.2,70,40,10.29,US,2020-08-22 20:08:09
251,Vila Franca Do Campo,37.72,-25.43,75.2,83,20,4.7,PT,2020-08-22 20:08:09
252,College,64.86,-147.8,71.01,59,40,5.82,US,2020-08-22 20:08:09
253,Yozgat,39.58,35.33,53.55,69,0,4.45,TR,2020-08-22 20:08:09
254,Ginda,30.69,78.49,64.94,89,79,0.49,IN,2020-08-22 20:08:10
255,Cayenne,4.93,-52.33,87.8,55,7,2.24,GF,2020-08-22 20:05:20
256,Rio Grande,-32.03,-52.1,62.6,36,0,8.05,BR,2020-08-22 20:07:30
257,Leningradskiy,69.38,178.42,46.74,82,1,3.67,RU,2020-08-22 20:08:10
258,Skibbereen,51.55,-9.27,59.0,87,75,12.75,IE,2020-08-22 20:08:10
259,Mossendjo,-2.95,12.73,70.25,90,98,3.29,CG,2020-08-22 20:08:11
260,Khagaria,25.5,86.48,80.35,84,55,4.7,IN,2020-08-22 20:08:11
261,Hami,42.8,93.45,76.55,26,0,1.66,CN,2020-08-22 20:08:11
262,Lubbock,33.6,-101.83,93.99,38,1,9.17,US,2020-08-22 20:08:11
263,Vila,42.03,-8.16,66.99,82,34,6.93,PT,2020-08-22 20:08:12
264,Korla,41.76,86.15,75.72,25,0,1.48,CN,2020-08-22 20:08:12
265,Erenhot,43.65,111.98,66.15,70,98,3.38,CN,2020-08-22 20:08:12
266,Palasa,18.77,84.42,79.03,88,100,7.56,IN,2020-08-22 20:08:13
267,Jinchang,38.5,102.17,60.75,76,100,7.05,CN,2020-08-22 20:08:13
268,Rio Gallegos,-51.62,-69.22,55.4,47,75,13.87,AR,2020-08-22 20:05:55
269,Tessalit,20.2,1.01,100.89,14,87,9.33,ML,2020-08-22 20:08:13
270,Evensk,61.95,159.23,45.1,72,100,10.11,RU,2020-08-22 20:08:14
271,Qaanaaq,77.48,-69.36,38.26,81,100,2.26,GL,2020-08-22 20:08:14
272,Faanui,-16.48,-151.75,77.02,80,2,24.74,PF,2020-08-22 20:08:14
273,Benguela,-12.58,13.41,68.5,85,9,3.11,AO,2020-08-22 20:08:14
274,Adrar,20.5,-10.07,104.59,8,16,6.55,MR,2020-08-22 20:08:14
275,Havoysund,71.0,24.66,64.4,77,28,28.86,NO,2020-08-22 20:08:15
276,Bilibino,68.05,166.44,41.0,89,100,3.8,RU,2020-08-22 20:08:15
277,Vanimo,-2.67,141.3,78.13,83,29,3.76,PG,2020-08-22 20:08:15
278,Bengkulu,-3.8,102.27,75.7,89,74,4.29,ID,2020-08-22 20:08:15
279,Merauke,-8.47,140.33,73.11,89,17,11.88,ID,2020-08-22 20:08:16
280,Sukhumi,43.0,41.02,64.27,68,100,7.67,GE,2020-08-22 20:08:16
281,Igbaras,10.72,122.27,77.72,85,97,3.62,PH,2020-08-22 20:08:16
282,Kangaatsiaq,68.31,-53.46,46.47,76,0,7.14,GL,2020-08-22 20:08:16
283,Mezhdurechensk,53.69,88.06,53.46,88,92,2.71,RU,2020-08-22 20:08:16
284,Xining,36.62,101.77,56.23,83,100,1.83,CN,2020-08-22 20:08:17
285,Ayagoz,47.97,80.44,63.28,30,82,7.2,KZ,2020-08-22 20:08:17
286,Luderitz,-26.65,15.16,67.19,25,0,8.46,NA,2020-08-22 20:08:18
287,Kahului,20.89,-156.47,80.6,78,40,11.41,US,2020-08-22 20:08:18
288,Bima,-8.47,118.72,71.71,88,19,3.51,ID,2020-08-22 20:08:18
289,Maceio,-9.67,-35.74,78.8,69,40,5.82,BR,2020-08-22 20:06:31
290,Derzhavinsk,51.1,66.32,56.88,82,63,6.64,KZ,2020-08-22 20:08:19
291,Lock Haven,41.14,-77.45,91.99,27,20,3.36,US,2020-08-22 20:08:19
292,Colares,38.8,-9.45,70.0,72,20,18.34,PT,2020-08-22 20:08:19
293,Bowen,-20.02,148.23,61.0,81,24,10.29,AU,2020-08-22 20:08:19
294,Deder,9.32,41.45,57.69,92,34,8.55,ET,2020-08-22 20:08:20
295,Prince Rupert,54.32,-130.32,59.0,82,75,14.99,CA,2020-08-22 20:07:13
296,Svetlyy,54.67,20.13,68.0,94,75,4.47,RU,2020-08-22 20:08:20
297,Aksarka,66.56,67.8,51.93,86,94,14.07,RU,2020-08-22 20:08:20
298,Itarema,-2.92,-39.92,80.47,69,0,16.42,BR,2020-08-22 20:07:27
299,Katsuura,35.13,140.3,78.01,89,100,1.01,JP,2020-08-22 20:08:21
300,Portland,45.52,-122.68,75.99,60,75,8.05,US,2020-08-22 20:05:44
301,Ribeira Grande,38.52,-28.7,75.2,73,75,4.7,PT,2020-08-22 20:08:22
302,Liangxiang,39.73,116.14,72.0,93,52,2.24,CN,2020-08-22 20:08:22
303,Upington,-28.45,21.26,60.8,15,0,9.17,ZA,2020-08-22 20:08:22
304,Barra Do Garcas,-15.89,-52.26,84.34,31,33,4.81,BR,2020-08-22 20:08:20
305,Zhigansk,66.77,123.37,38.21,82,74,15.03,RU,2020-08-22 20:07:36
306,Canete,-37.8,-73.4,57.76,68,0,5.44,CL,2020-08-22 20:08:23
307,Kasongo-Lunda,-6.47,16.82,77.43,72,99,1.03,CD,2020-08-22 20:08:23
308,Guacui,-20.78,-41.68,56.84,95,100,3.8,BR,2020-08-22 20:08:23
309,Doume,4.23,13.45,70.07,96,100,3.0,CM,2020-08-22 20:08:23
310,Bethel,41.37,-73.41,91.99,40,1,8.05,US,2020-08-22 20:07:19
311,Chissamba,-12.17,17.33,70.11,44,67,4.0,AO,2020-08-22 20:08:24
312,Harrisonville,38.65,-94.35,91.4,31,1,7.4,US,2020-08-22 20:08:24
313,Nakamura,32.98,132.93,75.13,89,74,2.39,JP,2020-08-22 20:08:24
314,Okato,-39.2,173.88,51.01,92,85,5.01,NZ,2020-08-22 20:08:24
315,Sorong,-0.88,131.25,77.85,87,63,11.88,ID,2020-08-22 20:08:25
316,Necochea,-38.55,-58.74,62.01,35,0,17.0,AR,2020-08-22 20:08:25
317,Hokitika,-42.72,170.97,47.93,79,82,6.58,NZ,2020-08-22 20:08:25
318,Puerto Baquerizo Moreno,-0.9,-89.6,69.8,83,75,13.87,EC,2020-08-22 20:08:26
319,Saint-Augustin,51.23,-58.65,64.38,64,96,4.23,CA,2020-08-22 20:08:26
320,Clyde River,70.47,-68.59,50.25,69,99,7.2,CA,2020-08-22 20:08:26
321,Belmonte,-15.86,-38.88,73.4,78,75,4.7,BR,2020-08-22 20:04:26
322,Alofi,-19.06,-169.92,77.0,88,30,8.05,NU,2020-08-22 20:08:27
323,Lazaro Cardenas,17.96,-102.2,85.19,70,0,7.61,MX,2020-08-22 20:08:27
324,Komsomolets,53.75,62.07,52.0,91,0,6.67,KZ,2020-08-22 20:08:27
325,Putina,-15.47,-69.43,53.29,47,5,12.66,PE,2020-08-22 20:08:27
326,Sandwick,60.0,-1.25,55.4,93,63,6.93,GB,2020-08-22 20:08:27
327,Praia,14.92,-23.51,82.4,74,20,6.93,CV,2020-08-22 20:08:28
328,Nabire,-3.37,135.48,73.4,91,63,4.21,ID,2020-08-22 20:08:28
329,Vila Velha,-20.33,-40.29,64.4,93,90,16.11,BR,2020-08-22 20:08:28
330,Galle,6.04,80.22,79.97,85,100,6.29,LK,2020-08-22 20:08:29
331,Mahibadhoo,3.78,72.97,84.27,65,0,4.94,MV,2020-08-22 20:08:29
332,Boende,-0.22,20.87,74.25,90,100,1.41,CD,2020-08-22 20:08:29
333,Tunapuna,10.63,-61.38,87.8,62,40,6.93,TT,2020-08-22 20:08:29
334,Pacific Grove,36.62,-121.92,82.99,68,1,8.05,US,2020-08-22 20:07:40
335,Yokadouma,3.52,15.05,71.11,95,100,1.48,CM,2020-08-22 20:08:30
336,Arraial Do Cabo,-22.97,-42.03,68.0,60,75,12.75,BR,2020-08-22 20:08:30
337,Dafeng,23.45,108.59,78.12,83,0,2.15,CN,2020-08-22 20:08:30
338,Indianola,41.36,-93.56,87.01,60,0,12.68,US,2020-08-22 20:08:30
339,Eirunepe,-6.66,-69.87,79.56,42,2,3.15,BR,2020-08-22 20:08:31
340,Filingue,14.35,3.32,89.74,45,96,7.38,NE,2020-08-22 20:08:31
341,Bandarbeyla,9.49,50.81,76.57,76,32,32.17,SO,2020-08-22 20:08:31
342,Jidong,45.22,131.08,55.35,84,100,2.37,CN,2020-08-22 20:08:31
343,Kemijarvi,66.71,27.43,60.6,89,97,11.32,FI,2020-08-22 20:08:32
344,Sakakah,29.97,40.21,86.0,19,0,11.41,SA,2020-08-22 20:08:32
345,Presidencia Roque Saenz Pena,-26.79,-60.44,67.41,26,0,7.76,AR,2020-08-22 20:08:32
346,Grindavik,63.84,-22.43,51.8,87,0,12.75,IS,2020-08-22 20:07:56
347,Westerland,54.91,8.3,66.2,72,8,18.34,DE,2020-08-22 20:08:32
348,Karpathos,35.51,27.21,77.0,78,0,23.04,GR,2020-08-22 20:08:33
349,Amga,60.9,131.96,37.38,79,0,1.9,RU,2020-08-22 20:08:33
350,Porto Novo,6.5,2.6,75.42,85,100,6.69,BJ,2020-08-22 20:08:33
351,Luanda,-8.84,13.23,71.6,88,75,3.36,AO,2020-08-22 20:07:58
352,Farafangana,-22.82,47.83,66.43,85,25,1.57,MG,2020-08-22 20:08:34
353,Tazovskiy,67.47,78.7,53.1,81,100,9.17,RU,2020-08-22 20:08:34
354,Fethiye,36.62,29.12,77.0,65,0,4.7,TR,2020-08-22 20:04:52
355,Westport,41.14,-73.36,88.0,58,1,10.29,US,2020-08-22 20:08:34
356,Launceston,-41.45,147.17,36.0,93,62,5.82,AU,2020-08-22 20:08:34
357,West Wendover,40.74,-114.07,91.4,11,1,8.05,US,2020-08-22 20:08:35
358,Thompson,55.74,-97.86,48.2,81,90,8.05,CA,2020-08-22 20:08:35
359,El Alto,-4.27,-81.21,75.2,60,55,12.75,PE,2020-08-22 20:08:35
360,Lasa,46.62,10.7,61.0,93,5,4.7,IT,2020-08-22 20:08:35
361,Juneau,58.3,-134.42,57.0,93,90,3.36,US,2020-08-22 20:08:36
362,Auki,-8.77,160.7,78.33,86,100,5.41,SB,2020-08-22 20:08:36
363,Baker City,44.77,-117.83,75.99,44,1,8.05,US,2020-08-22 20:08:36
364,Xai-Xai,-25.05,33.64,61.16,91,0,6.06,MZ,2020-08-22 20:08:36
365,Panaba,21.28,-88.27,89.58,62,99,11.83,MX,2020-08-22 20:08:36
366,Ucluelet,48.93,-125.55,63.0,87,20,8.05,CA,2020-08-22 20:05:48
367,Magadan,59.57,150.8,44.31,61,100,7.76,RU,2020-08-22 20:08:37
368,Lismore,-28.81,153.28,51.8,40,0,13.87,AU,2020-08-22 20:08:37
369,Saint-Joseph,-21.37,55.62,64.4,68,15,8.05,RE,2020-08-22 20:08:37
370,Axel,51.27,3.91,64.0,71,100,10.0,NL,2020-08-22 20:08:38
371,Buala,-8.14,159.59,80.85,81,100,9.15,SB,2020-08-22 20:08:38
372,Dong Xoai,11.53,106.92,75.4,95,83,3.42,VN,2020-08-22 20:08:38
373,Huron,41.15,-82.55,86.0,42,75,4.7,US,2020-08-22 20:08:38
374,Abha,18.22,42.51,71.6,83,3,3.36,SA,2020-08-22 20:08:38
375,Nantucket,41.28,-70.1,77.0,78,1,10.29,US,2020-08-22 20:08:39
376,Black River,18.03,-77.85,87.8,66,20,10.29,JM,2020-08-22 20:08:39
377,Jumla,29.27,82.18,58.91,69,29,1.92,NP,2020-08-22 20:08:39
378,Jacareacanga,-6.22,-57.75,99.34,20,0,1.7,BR,2020-08-22 20:07:18
379,Mwene-Ditu,-7.0,23.45,77.36,41,46,0.65,CD,2020-08-22 20:08:40
380,Mianyang,31.46,104.75,72.46,90,100,5.37,CN,2020-08-22 20:08:40
381,Alyangula,-13.85,136.42,55.4,93,0,16.08,AU,2020-08-22 20:08:40
382,Yenagoa,4.92,6.26,75.45,90,100,5.3,NG,2020-08-22 20:08:40
383,Margate,51.38,1.39,66.99,72,50,3.0,GB,2020-08-22 20:08:41
384,Issenye,-2.0,34.33,74.73,48,100,6.89,TZ,2020-08-22 20:08:41
385,Masallatah,32.62,14.0,75.11,74,0,5.97,LY,2020-08-22 20:08:41
386,Lafia,8.48,8.52,76.35,85,100,2.28,NG,2020-08-22 20:08:41
387,Vardo,70.37,31.11,59.56,77,77,20.27,NO,2020-08-22 20:08:41
388,Sangar,63.92,127.47,37.83,83,33,2.53,RU,2020-08-22 20:08:42
389,Sokolo,14.73,-6.12,80.08,76,100,10.78,ML,2020-08-22 20:08:42
390,Tonj,7.27,28.68,73.33,91,53,3.56,SS,2020-08-22 20:08:42
391,Dalen,52.7,6.76,63.0,86,34,1.99,NL,2020-08-22 20:08:42
392,Jibuti,11.5,42.5,96.8,34,20,8.95,DJ,2020-08-22 20:08:43
393,Bathsheba,13.22,-59.52,87.8,70,20,10.29,BB,2020-08-22 20:08:43
394,Jacqueville,5.21,-4.41,77.0,94,75,6.93,CI,2020-08-22 20:08:43
395,Antigua Ocotepeque,14.4,-89.2,77.0,94,40,2.24,HN,2020-08-22 20:08:43
396,Havre-Saint-Pierre,50.23,-63.6,62.6,63,1,14.99,CA,2020-08-22 20:08:43
397,Namatanai,-3.67,152.43,78.82,81,65,4.41,PG,2020-08-22 20:08:44
398,Lyuban,52.8,28.0,60.6,88,6,7.47,BY,2020-08-22 20:08:44
399,Rafai,4.95,23.92,70.86,97,100,3.36,CF,2020-08-22 20:08:44
400,Iskateley,67.68,53.15,49.26,87,51,4.34,RU,2020-08-22 20:08:44
401,Jinhua,29.11,119.65,75.18,84,0,1.97,CN,2020-08-22 20:08:44
402,Norman Wells,65.28,-126.83,62.6,63,40,11.41,CA,2020-08-22 20:08:45
403,Shitanjing,39.23,106.34,63.41,76,100,5.46,CN,2020-08-22 20:08:45
404,Caravelas,-17.71,-39.25,71.15,77,94,13.06,BR,2020-08-22 20:07:32
405,Mount Gambier,-37.83,140.77,44.6,87,75,12.75,AU,2020-08-22 20:08:45
406,Okhotsk,59.38,143.3,51.76,61,83,9.37,RU,2020-08-22 20:08:46
407,Shakhtinsk,49.71,72.59,44.6,93,0,6.71,KZ,2020-08-22 20:08:46
408,Kanata,45.32,-75.9,81.0,47,20,10.29,CA,2020-08-22 20:04:32
409,Douentza,15.0,-2.95,79.97,58,17,1.63,ML,2020-08-22 20:08:46
410,Byron Bay,-28.65,153.62,50.0,46,0,6.93,AU,2020-08-22 20:06:39
411,Tura,25.52,90.22,73.31,97,34,5.23,IN,2020-08-22 20:08:47
412,Lahaina,20.88,-156.68,80.6,78,40,11.41,US,2020-08-22 20:08:47
413,Trenton,40.22,-74.74,91.0,48,20,11.41,US,2020-08-22 20:05:51
414,Cabedelo,-6.98,-34.83,78.8,78,75,14.99,BR,2020-08-22 20:08:47
415,Mafeteng,-29.82,27.24,42.53,61,0,2.82,LS,2020-08-22 20:08:48
416,Shubarshi,48.59,57.19,65.77,44,100,12.19,KZ,2020-08-22 20:08:48
417,Fort-Shevchenko,44.51,50.26,69.51,52,100,9.01,KZ,2020-08-22 20:08:48
418,General Roca,-39.03,-67.58,71.6,26,0,3.36,AR,2020-08-22 20:07:23
419,Kysyl-Syr,63.9,122.76,38.68,78,0,5.44,RU,2020-08-22 20:08:49
420,Mahajanga,-15.72,46.32,75.2,83,20,4.65,MG,2020-08-22 20:08:49
421,Yumen,40.28,97.2,65.48,39,11,8.72,CN,2020-08-22 20:08:49
422,Usinsk,65.99,57.53,47.28,89,36,9.13,RU,2020-08-22 20:08:49
423,Daokou,35.56,114.51,71.01,95,70,3.69,CN,2020-08-22 20:08:50
424,Mikkeli,61.69,27.27,62.6,93,90,6.93,FI,2020-08-22 20:08:50
425,Tabuk,17.42,121.44,74.01,87,99,2.1,PH,2020-08-22 20:08:50
426,Barra Patuca,15.8,-84.28,86.31,74,99,11.25,HN,2020-08-22 20:08:50
427,Acajutla,13.59,-89.83,77.0,94,40,2.24,SV,2020-08-22 20:06:03
428,Sorland,67.67,12.69,56.91,91,100,18.61,NO,2020-08-22 20:08:51
429,Corinto,37.94,22.96,84.99,37,0,1.99,GR,2020-08-22 20:08:51
430,Copiapo,-27.37,-70.33,57.2,62,20,10.29,CL,2020-08-22 20:08:51
431,Lucapa,-8.42,20.74,77.54,44,77,2.51,AO,2020-08-22 20:08:52
432,Talnakh,69.49,88.4,57.2,67,32,13.42,RU,2020-08-22 20:08:52
433,Monterey,36.25,-121.25,95.0,57,1,5.64,US,2020-08-22 20:08:52
434,Tiarei,-17.53,-149.33,78.8,69,40,3.36,PF,2020-08-22 20:08:53
435,Quesnel,53.0,-122.5,62.6,63,20,11.41,CA,2020-08-22 20:06:03
436,Sumbe,-11.21,13.84,69.82,86,69,5.59,AO,2020-08-22 20:08:53
437,Ostrovnoy,68.05,39.51,59.74,74,0,16.96,RU,2020-08-22 20:08:54
438,Kologriv,58.83,44.32,55.31,85,0,3.09,RU,2020-08-22 20:08:54
439,Ganganagar,29.92,73.88,88.16,60,0,11.32,IN,2020-08-22 20:07:35
440,Paamiut,61.99,-49.67,44.01,91,18,10.74,GL,2020-08-22 20:07:43
441,Yuancheng,36.65,107.79,65.07,91,94,5.41,CN,2020-08-22 20:08:54
442,Broken Hill,-31.95,141.43,39.2,86,5,9.17,AU,2020-08-22 20:08:42
443,Thinadhoo,0.53,72.93,83.35,74,7,7.07,MV,2020-08-22 20:08:55
444,Hoorn,52.64,5.06,66.0,82,19,8.99,NL,2020-08-22 20:07:21
445,Cockburn Town,21.46,-71.14,84.04,81,97,23.29,TC,2020-08-22 20:07:56
446,Khandyga,62.67,135.6,36.1,82,0,5.23,RU,2020-08-22 20:08:55
447,Boa Vista,2.82,-60.67,89.6,52,75,14.99,BR,2020-08-22 20:08:56
448,Aklavik,68.22,-135.01,51.8,93,90,4.7,CA,2020-08-22 20:08:56
449,Vesele,47.01,34.91,65.28,68,0,9.82,UA,2020-08-22 20:08:56
450,Kudahuvadhoo,2.67,72.89,84.18,68,46,7.27,MV,2020-08-22 20:08:56
451,Troitskoye,52.98,84.68,56.88,63,100,5.48,RU,2020-08-22 20:08:57
452,Oktyabrskiy,54.48,53.47,50.07,90,0,2.59,RU,2020-08-22 20:08:57
453,Salem,11.65,78.17,77.54,83,92,1.88,IN,2020-08-22 20:08:35
454,Hargeysa,9.56,44.06,72.77,57,95,27.29,SO,2020-08-22 20:08:57
455,Lagoa,39.05,-27.98,72.72,79,55,9.48,PT,2020-08-22 20:08:58
456,Kastamonu,41.5,33.67,56.8,87,0,2.73,TR,2020-08-22 20:07:30
457,Sao Felix Do Xingu,-6.64,-51.99,97.93,19,9,4.99,BR,2020-08-22 20:08:58
458,Santa Marta,11.24,-74.2,89.6,66,75,5.82,CO,2020-08-22 20:08:58
459,Sterling,39.01,-77.43,81.0,83,75,1.14,US,2020-08-22 20:04:57
460,Vaasa,63.1,21.62,66.2,88,40,10.29,FI,2020-08-22 20:08:59
461,Eureka,40.8,-124.16,71.01,13,4,1.99,US,2020-08-22 20:08:59
462,Coihaique,-45.58,-72.07,50.0,66,75,10.29,CL,2020-08-22 20:08:59
463,Fengzhen,40.44,113.15,63.27,82,99,4.14,CN,2020-08-22 20:09:00
464,Waddan,29.16,16.14,80.73,48,0,16.49,LY,2020-08-22 20:09:00
465,Mollendo,-17.02,-72.01,61.68,75,75,6.6,PE,2020-08-22 20:09:00
466,Buchanan,5.88,-10.05,77.0,94,75,5.82,LR,2020-08-22 20:05:06
467,Jogighopa,26.23,90.58,77.92,89,77,1.34,IN,2020-08-22 20:09:00
468,Batagay,67.63,134.63,32.45,96,77,2.3,RU,2020-08-22 20:09:01
469,Ponta Delgada,37.73,-25.67,75.2,83,20,4.7,PT,2020-08-22 20:09:01
470,Clarksdale,34.2,-90.57,87.8,48,31,4.76,US,2020-08-22 20:09:01
471,Hutang,31.53,119.48,75.99,98,0,4.81,CN,2020-08-22 20:09:01
472,Diego De Almagro,-26.37,-70.05,71.91,20,0,10.13,CL,2020-08-22 20:09:02
473,Ancud,-41.87,-73.82,55.99,87,40,16.11,CL,2020-08-22 20:09:02
474,Concepcion,-36.83,-73.05,59.0,62,0,8.05,CL,2020-08-22 20:08:09
475,Santiago Del Estero,-27.8,-64.26,71.11,20,0,15.08,AR,2020-08-22 20:09:02
476,Ilhabela,-23.78,-45.36,62.22,77,97,5.5,BR,2020-08-22 20:09:03
477,Sosnovo-Ozerskoye,52.52,111.54,53.31,93,100,3.62,RU,2020-08-22 20:09:03
478,Tautira,-17.73,-149.15,78.8,69,40,3.36,PF,2020-08-22 20:09:03
479,Aden,12.78,45.04,85.87,67,99,1.43,YE,2020-08-22 20:04:53
480,Hamilton,39.18,-84.53,82.0,69,40,5.82,US,2020-08-22 20:06:29
481,Esperance,-33.87,121.9,50.0,87,40,12.75,AU,2020-08-22 20:07:18
482,Yulara,-25.24,130.99,50.0,46,0,5.82,AU,2020-08-22 20:09:04
483,Pamplonita,7.44,-72.64,93.2,36,40,20.8,CO,2020-08-22 20:09:04
484,Meadow Lake,34.8,-106.54,96.01,17,1,8.05,US,2020-08-22 20:09:05
485,Ossora,59.24,163.07,51.48,74,86,4.81,RU,2020-08-22 20:09:05
486,Sabha,27.04,14.43,83.61,19,0,8.16,LY,2020-08-22 20:09:05
487,Atambua,-9.11,124.89,67.41,69,17,3.96,ID,2020-08-22 20:09:06
488,Aitape,-3.14,142.35,78.26,84,25,3.24,PG,2020-08-22 20:09:06
489,Egvekinot,66.32,-179.17,47.52,95,100,9.44,RU,2020-08-22 20:09:06
490,Sabang,5.89,95.32,81.84,77,89,10.09,ID,2020-08-22 20:09:06
491,Ilulissat,69.22,-51.1,46.4,61,20,4.7,GL,2020-08-22 20:09:06
492,Shalya,57.25,58.73,45.37,97,36,4.68,RU,2020-08-22 20:09:07
493,Garden City,42.33,-83.33,90.0,38,20,4.7,US,2020-08-22 20:06:09
494,Port Augusta,-32.5,137.77,41.0,93,54,6.93,AU,2020-08-22 20:09:07
495,Mimongo,-1.62,11.61,70.88,83,100,3.33,GA,2020-08-22 20:09:07
496,Bolivar,37.61,-93.41,90.0,40,0,6.15,US,2020-08-22 20:07:55
497,Kenora,49.82,-94.43,78.8,74,75,9.17,CA,2020-08-22 20:09:08
498,Fengcheng,40.45,124.07,66.18,94,72,2.51,CN,2020-08-22 20:09:08
499,Pretoria,-25.74,28.19,55.99,43,0,3.36,ZA,2020-08-22 20:09:08
500,Rurrenabaque,-14.44,-67.53,65.84,45,89,2.62,BO,2020-08-22 20:09:08
501,Orcopampa,-15.27,-72.34,57.07,37,44,8.97,PE,2020-08-22 20:09:09
502,Abu Dhabi,24.47,54.37,95.0,75,100,5.82,AE,2020-08-22 20:06:11
503,Basco,20.45,121.97,83.1,80,100,23.51,PH,2020-08-22 20:09:09
504,Lipany,49.15,20.96,68.0,85,0,5.01,SK,2020-08-22 20:09:09
505,Touros,-5.2,-35.46,80.6,69,40,16.11,BR,2020-08-22 20:07:25
506,Dolni Dabnik,43.4,24.43,78.8,41,5,4.7,BG,2020-08-22 20:09:10
507,Chara,56.91,118.26,50.02,80,94,1.59,RU,2020-08-22 20:09:10
508,Asau,46.43,26.4,64.0,84,0,2.37,RO,2020-08-22 20:09:10
509,Tieli,46.95,128.05,55.58,84,100,3.83,CN,2020-08-22 20:09:10
510,Hervey Bay,-25.3,152.85,53.6,40,0,8.05,AU,2020-08-22 20:09:11
511,Gambiran,-6.8,111.5,73.72,83,0,4.32,ID,2020-08-22 20:09:11
512,Hibbing,47.43,-92.94,77.0,69,40,5.82,US,2020-08-22 20:09:11
513,Businga,3.33,20.88,71.6,96,100,2.37,CD,2020-08-22 20:09:12
514,Jiuquan,39.74,98.52,69.31,40,100,7.76,CN,2020-08-22 20:09:12
515,Solnechnyy,50.72,136.63,57.67,92,100,1.79,RU,2020-08-22 20:09:12
516,Zlitan,32.47,14.57,79.93,67,0,8.52,LY,2020-08-22 20:07:25
517,Almasfuzito,47.73,18.26,80.01,73,98,1.12,HU,2020-08-22 20:09:13
518,Udachnyy,66.42,112.4,43.75,67,1,3.62,RU,2020-08-22 20:09:13
519,Mecca,21.43,39.83,91.58,31,6,4.14,SA,2020-08-22 20:09:13
520,Isangel,-19.55,169.27,74.57,84,10,11.52,VU,2020-08-22 20:09:13
521,Tual,-5.67,132.75,78.94,81,41,16.51,ID,2020-08-22 20:09:14
522,Samarai,-10.62,150.67,75.83,76,96,12.06,PG,2020-08-22 20:09:14
523,Cairns,-16.92,145.77,57.2,87,5,5.68,AU,2020-08-22 20:08:35
524,Gorkovskiy,45.65,41.2,65.28,52,7,3.38,RU,2020-08-22 20:09:14
525,Vung Tau,10.35,107.08,81.64,84,100,14.12,VN,2020-08-22 20:09:15
526,Terenos,-20.44,-54.86,66.2,52,41,8.05,BR,2020-08-22 20:09:15
527,Binika,21.03,83.8,78.19,90,100,6.15,IN,2020-08-22 20:04:17
528,Lamu,-2.27,40.9,76.21,80,23,17.49,KE,2020-08-22 20:09:15
529,Taltal,-25.4,-70.48,58.23,64,50,3.13,CL,2020-08-22 20:09:15
530,Vostok,46.49,135.88,50.67,91,100,3.58,RU,2020-08-22 20:09:16
531,Sao Miguel Do Araguaia,-13.28,-50.16,93.51,25,0,7.09,BR,2020-08-22 20:09:16
532,Ust-Nera,64.57,143.2,37.99,75,100,4.85,RU,2020-08-22 20:09:16
533,Fuxin,42.02,121.66,64.36,83,86,4.14,CN,2020-08-22 20:09:16
534,Grand-Santi,4.25,-54.38,88.75,47,85,1.28,GF,2020-08-22 20:09:17
535,Victor Harbor,-35.57,138.62,46.0,91,48,12.03,AU,2020-08-22 20:09:17
536,Mabaruma,8.2,-59.78,83.1,75,65,5.95,GY,2020-08-22 20:09:17
537,Tete,-16.16,33.59,71.6,60,40,10.29,MZ,2020-08-22 20:09:17
538,Kuytun,54.34,101.5,54.48,91,100,13.29,RU,2020-08-22 20:09:17
539,Presidente Medici,-11.18,-61.9,80.51,28,16,7.4,BR,2020-08-22 20:09:18
540,Snasa,64.25,12.38,59.23,83,100,3.4,NO,2020-08-22 20:09:18
541,Mkushi,-13.62,29.39,57.6,76,35,5.73,ZM,2020-08-22 20:09:18
542,Kurumkan,54.3,110.3,59.63,83,100,2.44,RU,2020-08-22 20:09:18
543,Mountain Home,43.13,-115.69,82.4,30,20,11.41,US,2020-08-22 20:09:19
544,Balingasay,16.36,119.86,82.27,78,59,9.69,PH,2020-08-22 20:09:19
545,Lufilufi,-13.87,-171.6,78.8,94,20,2.24,WS,2020-08-22 20:09:19
546,Wahiawa,21.5,-158.02,84.2,57,1,5.82,US,2020-08-22 20:09:19
547,Petropavlovsk-Kamchatskiy,53.05,158.65,50.0,76,0,8.95,RU,2020-08-22 20:09:20
548,Tymovskoye,50.85,142.66,55.13,81,94,6.53,RU,2020-08-22 20:09:20
549,Balancan,17.8,-91.53,90.72,61,7,5.44,MX,2020-08-22 20:09:20
550,Coolum Beach,-26.53,153.1,46.0,57,0,1.01,AU,2020-08-22 20:09:21
551,Winslow,35.02,-110.7,96.8,15,1,9.17,US,2020-08-22 20:09:21
552,Palmer,42.16,-72.33,89.01,51,75,8.05,US,2020-08-22 20:08:26
553,Surt,31.21,16.59,79.23,72,0,9.53,LY,2020-08-22 20:09:21
554,Vanavara,60.34,102.28,54.55,92,91,6.2,RU,2020-08-22 20:09:21
555,Maragogi,-9.01,-35.22,75.51,83,54,7.65,BR,2020-08-22 20:06:07
556,Falesti,47.57,27.71,77.0,50,0,1.01,MD,2020-08-22 20:06:20
557,Palu,-0.89,119.87,74.52,77,84,3.22,ID,2020-08-22 20:09:22
558,Camacha,33.08,-16.33,73.4,73,20,11.41,PT,2020-08-22 20:09:23
559,Gamba,-2.65,10.0,73.27,84,47,7.31,GA,2020-08-22 20:09:23
560,Waw,7.7,28.0,73.38,91,98,3.85,SS,2020-08-22 20:09:23
561,Port Hedland,-20.32,118.57,62.6,39,0,9.17,AU,2020-08-22 20:09:23
562,Milkovo,54.72,158.62,48.54,80,99,8.75,RU,2020-08-22 20:09:24
563,Sobolevo,54.43,31.9,56.39,89,34,5.08,RU,2020-08-22 20:09:24
564,Road Town,18.42,-64.62,84.2,79,40,20.8,VG,2020-08-22 20:09:24
565,Anzio,41.49,12.62,79.0,94,5,2.24,IT,2020-08-22 20:09:24
